{
  "project_info": {
    "project_number": "450419359102",
    "project_id": "ygis-70564",
    "storage_bucket": "ygis-70564.appspot.com"
  },
  "client": [
    {
      "client_info": {
        "mobilesdk_app_id": "1:450419359102:android:cfee53ec767259859a472f",
        "android_client_info": {
          "package_name": "com.example.ytugraduateinformationsystem"
        }
      },
      "oauth_client": [
        {
          "client_id": "450419359102-mhh64ps9idbv046url4qvqj4hjnmn05n.apps.googleusercontent.com",
          "client_type": 1,
          "android_info": {
            "package_name": "com.example.ytugraduateinformationsystem",
            "certificate_hash": "5c64df3dc92562ea7a157eaf7cb0dd10f9bf5b2d"
          }
        },
        {
          "client_id": "450419359102-fr86hfbn8mdfbd4elugi1hgi94sndvt1.apps.googleusercontent.com",
          "client_type": 3
        }
      ],
      "api_key": [
        {
          "current_key": "AIzaSyCCfeafVKdytCvbxKTwI2YKu8DRn_CgBGM"
        }
      ],
      "services": {
        "appinvite_service": {
          "other_platform_oauth_client": [
            {
              "client_id": "450419359102-fr86hfbn8mdfbd4elugi1hgi94sndvt1.apps.googleusercontent.com",
              "client_type": 3
            }
          ]
        }
      }
    }
  ],
  "configuration_version": "1"
}